img_train_x, img_train_y, src_train_x, src_train_y, img_test_x, img_test_y, src_test_x, src_test_y
7.858767423914465, -8.554426601984822, 0.4185002753088334, 6.551489578860107, -3.0793610375724576, -4.279268142227274, 7.612755783999253,  6.437752764417448
-10.925941857431877, 2.0525907633156493, 5.697901358026581, -0.9548323843641522, -18.531954005923215, 15.360783775094696, -4.90176659808481,  -1.4298527906849863
8.778758791422522, -3.0757415950215616, -2.6925453067057177, 0.40769001175931363, 7.059204378725028, 11.130297321221256, 0.5070754274523512,  -9.815130853016178
19.23056793538462, 7.393189543394531, 3.4892196811816643, -6.355112985860803, 6.628839821634337, -6.279993595526459, -0.3875187980905812,  5.871049440033778
-0.7627239406255626, -4.315299272233979, 6.094154151554385, 7.263698434430472, 0.2717550367010304, -14.850188842614504, 4.283616983397222,  7.049257072182957
-6.272879353965223, 9.161988295361667, 0.9404341603196791, -9.095620852607858, -13.535307985036997, -7.037256701583644, 2.414228098911476,  3.465068107123125
-2.4571102128150244, -17.612884135617264, 3.2138049887693585, 4.866000972953223, 5.747391794274268, 3.983789743103351, -1.1294422118218241,  -10.203118563835666
-4.078229786782742, 9.519816229281428, 1.0338763737485266, -9.864277564542618, 11.010406042276784, 1.2862863108380935, -2.467077204717114,  -5.540387828626474
-12.70033078186, -12.9819297541003, 0.6181413531032938, 2.907022220387285, 7.0268369624270335, -18.244648713541757, 4.232498295240346,  5.051330059338767
1.262054953673534, 1.2731034838746424, 0.6577799389585427, -9.19161348580514, 17.331916143453597, 13.847482237780106, 4.501239924663338,  -4.925626607707308
5.376038342052844, 13.977271763111581, 0.8907583177310929, -8.534458539744172, 17.46458587614844, -13.054998619244241, 4.301771530417369,  2.8058155160447864
8.978212994425409, 4.440940427103314, -0.9890981239507468, -9.4191413913113, -14.161066503956107, 1.6097638071886955, 3.531388508802163,  0.15915051265769597
8.897735302808861, -7.081643445872871, -0.5823102673048766, 5.333832670636214, 13.548740851411765, 9.535123871816005, 1.0908151988319155,  -8.066229131768232
-5.528453775107437, -10.869470764841775, 4.510248599733686, 6.746559075304475, -9.6549778971269, -0.990029822213522, 6.631229715466555,  2.2705758493497683
-8.251438144446826, 5.239044954179512, 3.8977839674354247, -6.281529601549501, -10.585607668691344, 2.5692088319208928, 5.654938207375279,  -1.7329183463618492
-16.315802402196994, -2.6519530928188715, 1.6265078576919372, 2.0099627467849963, 2.70129209238749, -16.67520342809999, 3.9817924738567925,  6.312586671920361
-2.7654894668142482, -0.2525960939877514, 7.610750687857934, 0.4887628039859464, 5.312666615868423, -16.11878772016373, 3.992677215991634,  6.732007770500768
-2.966788388166883, -7.509551081101389, 6.329563306776006, 8.175014444048534, -18.883818384116044, 14.2051812093993, -4.61411126611152,  -1.623936593342254
-2.94594772148767, 15.735566524685389, -0.3607092624319157, -6.764686291982205, -10.062113705707256, -1.3959878424584282, 6.362934622356272,  2.554239510949845
17.766400728155183, 0.07346703537346144, 0.7176989243075163, -3.929016116203279, 17.51843621650022, 5.016537697832298, 1.6789961088157472,  -6.485510272785438
4.958118071684446, -15.375264196828171, 3.9757521337520165, 7.222599252823263, -5.095766335422557, 14.073661702739223, -0.48616865254344166,  -7.396501744858444
-7.308580727187163, -3.4069515218547295, 7.243669472347687, 4.622063932201449, -11.41701611570678, -0.46950443494034033, 5.633188271925057,  1.6742254387970639
14.652366315334639, -9.981785384139732, 1.7038465426105809, 3.4724390701534986, 2.629549818489526, 3.433054129356261, -0.12895915624858523,  -10.88505817982426
-0.6786294294918278, 19.4223914244282, -0.19751590808938385, -4.003597138816421, -19.299605118377407, -4.921301230000115, -1.0701613633380624,  1.5548146555236704
0.7794047703923752, 4.515781030518706, 0.9512459529068396, -11.306363869553142, 0.595711824948463, -1.686111775560498, 4.145684955844427,  3.014371270682786
-15.17485336038705, 13.053632020273326, -2.1438007855471106, -3.6331340448357032, 12.877718409740893, 8.917645100688322, 0.594936220635601,  -8.469969636604127
4.122405136437095, 1.8027202586585958, -1.4469093973775538, -9.15329141368775, 17.28652759856614, -11.048768385445111, 3.3597916063762323,  2.342119171653641
-6.2894466490276635, -7.8351684389126355, 5.789217419024546, 6.652336235905217, -13.751332105863536, -11.87123941112636, 0.48882452544724586,  2.7855455932896866
-3.3191115590119367, 7.252030631711865, 1.84019373172855, -10.465361185070137, 6.255116456157353, -9.932636060832895, 1.882934277058772,  7.731329447419533
15.018273671806995, 0.4168934991204445, -0.9474204158624566, -4.348417667144156, 6.582772024717656, 7.334076969904565, -0.28704236942260675,  -10.479861550371059
6.7725513184908905, 3.4374621024885172, -1.485444322137262, -9.436879494052095, -16.746946236402145, 9.600417009804971, -1.125995587363839,  -2.900930581952471
4.996140083823995, 6.987562039512994, -0.1349080369598994, -10.892946390309913, -7.441422011413383, -11.155183565678396, 3.734255003187849,  5.695792403127726
13.693697504810288, -16.67220046670245, 4.576010046987946, 3.4098792066221044, -9.647522208385846, 15.851871627179278, -1.9728000685756246,  -4.755571261399972
10.547313657733529, -10.253345018525039, 0.8901395021509639, 5.676640782698344, 4.204274487021593, 5.98852572658253, -0.2060381631466246,  -11.124263363638413
-12.231081576849165, 2.898278299658923, 4.605163263418538, -1.3844047587150508, -11.315052257339534, -5.601475918855314, 4.406142695876964,  4.129750189225742
-16.171499335504514, 15.413073051005583, -3.635322293931214, -2.4767454788520595, 12.419320874847713, -6.392990797636479, -0.8814364112769884,  2.873790920171059
5.089958882050748, 8.936654327598191, 0.30525503206958593, -10.464411825498171, 12.50602637099297, -12.000607394915935, 1.9601418494651899,  4.7584930727205155
-19.354831732199326, 3.777275177801698, -0.900284786410996, -0.15189784811707874, 9.295024195021774, -15.327560562623205, 3.321074623777947,  6.018650792388726
2.271407695771547, -13.64161423421109, 4.373428211750278, 7.8358068828725145, 12.895414768236641, 6.90848055024086, -0.2398473719441796,  -8.648977115968597
-13.877179395009076, 7.821181150836438, 1.4614710934204265, -3.9111297864634853, 18.2927119697218, -18.8191152665082, 6.824009948721439,  0.5165597738687779
-7.249342944724946, 7.678811821272788, 1.7246305214758735, -8.311413504067016, -14.725717341769936, -18.909015272190544, -2.820578406051233,  0.8227442247168568
2.1753299887108852, -4.441977035074217, 2.8341049959294864, 6.282801874054499, -19.329989116275264, 13.842110762702774, -4.748541490155166,  -1.517263898448542
17.005299584559445, 13.666799876508648, 4.260111502537866, -5.1326207350237425, 5.257002795540117, 5.750557916233554, -0.4792897616901577,  -10.857999157690188
-5.704097332672951, -18.256341448038377, 1.8055613055483644, 3.58427991529992, -4.9548927664175615, -17.86808297132329, 2.228669161320089,  4.041226547742607
-7.809277063556102, -4.072572723280761, 6.845783058492648, 4.867593680662381, -2.752511536220542, -13.705316086533003, 4.19667022571654,  6.928179968206809
8.19835321805449, 19.814339281360695, 2.3965737538151632, -3.2748557110514795, 17.383809644541337, 15.1417996052596, 4.972668189328896,  -4.187107195647439
-5.763405371301618, 10.501912551417352, 0.4967513917965478, -9.000002538854272, -7.963232740458608, -19.306897444337004, 0.4749813736315751,  2.272860914004756
3.727076662488848, 7.668071948007086, 0.20128626788493875, -11.035963679613861, -19.162973919723836, 1.1535520544227325, -0.3632764864923672,  0.7902270832913258
-13.954901906076792, -4.044948290953737, 3.102296945426449, 2.9070235835873026, 12.926193388333061, -6.307098672638025, -0.7679917649622308,  2.550080097115373
-10.36576409105502, -6.261759438067003, 4.716589352654458, 4.618910866722196, 6.297804511233007, 14.319304624279127, 1.0379460293325629,  -8.16329092598512
0.5251261679600852, 6.664982006562866, 0.8564543546542052, -11.397572943654279, 5.4489123119975815, -19.75481338224746, 4.308801882475219,  4.0000418753586935
-15.763660597727448, -14.76420197343677, -1.6243701208387353, 0.9906593707922084, 2.0456275109131, -13.006017703755592, 4.405317266921782,  8.054409007727614
-7.120775741267678, 6.462573466649747, 2.649705233684813, -7.952692625455024, 12.002554069667305, -3.505102950946025, -2.249460692758568,  -0.005606038447274475
13.86024901082888, 2.130293791868535, -1.5449991689210805, -5.86590996051572, -2.432018393837879, -7.843626380190631, 6.1268999576919665,  8.410188582888985
14.178099500980188, -4.606487548969556, -0.9619640847166231, 0.5134703571421095, -10.817784406306732, -13.601821194210544, 1.2066523951453778,  3.630987714459227
-7.328484115264811, -5.8294129763328595, 6.374384704526957, 5.794283601553952, -3.6929714702195753, 1.5033045057616619, 6.814769939172113,  -4.947075551256382
-13.156726831796037, 13.164505380075617, -1.5799251183424392, -4.633985985786737, 16.037581600463476, -3.9221496020443496, -0.1127324910965335,  -0.6173677010128986
-6.4531661634269355, 2.0948030117629237, 6.497867416897996, -3.594434561419379, -7.129869121884752, 12.726992006259884, -0.512726219674394,  -7.546763864706879
3.142058724353319, 0.8613223758932911, -1.1411796063020407, -8.060262384810516, 7.847674272584992, -15.40863184579293, 3.3701954971747172,  6.391943642689723
-19.892477417027173, 19.5338167713128, -7.413399168280977, 1.1167365576417474, 8.29330424103551, 18.04808362443569, 2.15114265565171,  -4.806861555384195
16.213663026464396, -11.69456555214702, 3.2406467522124096, 3.009249495670465, -0.11165935273675487, -0.37657017013259875, 4.969170837001902,  0.5744248088539462
-8.300423488303007, 0.8004061228993393, 6.876538965372932, 0.11458931195995903, 8.942991379674218, -12.005720077559214, 1.9486232779739563,  6.45548231713078
16.076454906426825, 19.34523539646893, 5.672457487200461, -1.8300462319605764, -5.31983954330412, -7.323149834690469, 6.277829324037109,  7.078200694428503
-9.698317433836676, 2.574361716991266, 5.98632637212426, -2.2787949191570354, 19.835329346888088, -13.535271559155095, 5.371854239271352,  1.662266968519667
12.278747365487163, -4.225197841889008, -1.9197036625708908, 0.7805676030799091, -13.041823458903075, -1.563728248255842, 4.3431638127928345,  2.1899599338521045
9.242921433782282, -13.557239422831406, 2.80623336681883, 6.282636010026517, -9.027524062716932, 14.827093860411644, -1.5979763019386661,  -5.610539819605627
4.027942713343595, 14.634578332130587, 0.787232343027005, -8.155496981164177, -2.5409513071437893, 7.395881047155406, 1.687007048316162,  -10.744896404018025
19.34086436814222, -16.825368384879372, 6.571889404455391, 1.0011449604528586, 12.728113634124739, -9.118161322236391, 0.600754859481528,  4.192745238504404
-2.866109011962031, -11.818285618142891, 4.770842069652195, 7.562820906075004, 9.309502672181914, -4.036113212664061, -2.323213481685494,  1.5875711489691602
-1.9745403792506089, 1.9105429051541591, 4.1654425426266615, -8.612555092213888, -9.819223473960532, 15.604352645867287, -1.9423847091077784,  -4.867382976852866
-16.266931585207168, -8.125568980772822, 0.1514356810200077, 2.589219656154345, 2.601391025173818, -0.14673495322434604, -0.8047077440143204,  -5.246816458525648
17.1033696060859, 2.7601492572078143, 0.7313190637575318, -5.651016409740327, -12.775879928582729, 16.06562483567985, -2.863380333399199,  -3.698773165329964
-1.703520099055524, 10.141039631924581, 0.9973706758807692, -10.231860150102165, 5.513678258735901, 17.904946468982523, 1.3226508169672293,  -5.30260004218583
9.674486073681493, -18.05683868622925, 4.313288638432724, 4.38557685070305, -18.22690557298262, -15.335013278381124, -3.0885050160710446,  0.21074790826417455
8.34789581770984, 13.569733912203347, 1.1350465192811052, -8.243463201917233, 15.094162489862406, -1.9294334174047663, -0.9865436132656455,  -2.2089459088849157
-13.362484631721845, 11.239917519998293, -0.47839991181993646, -4.892749693038471, -1.3208792458916996, -11.068754344518315, 5.063965986373028,  8.182850884647639
-8.538535330835924, -7.741209866817709, 5.001952840465092, 5.566536358897627, -0.46289714371526713, -2.4590798461387884, 5.731408870065379,  4.018089887574096
6.610458613987319, -15.54431313569137, 3.68729026590425, 6.730581210415645, 8.834289524227387, 5.419377682827907, -0.88965469538355,  -9.948928215458643
6.594897952131774, 15.514271707048906, 1.2739952682685853, -7.193819821048674, 11.959408199389646, 11.324064229645913, 1.188321854982199,  -8.076504136576986
7.852450729416255, -2.3868849333836373, -2.873554599196666, -0.4208302830891255, -3.139293829081552, -7.9406351899843575, 6.162289344658987,  8.13114591875159
-2.4714246249110126, 10.603843809572261, 0.8707432382531053, -9.913975461331333, -6.928266409614521, 19.597627245285672, -2.387082832724513,  -2.9469290133025723
2.6256800490353136, -16.603833472327295, 3.9859840328011473, 6.342291825411966, -3.630715655571418, 10.218656256998901, 0.8631430340722304,  -9.776604908747625
3.3068435144561867, 12.593748115736389, 0.6184406095055857, -9.541692138491829, -16.69031639638916, -2.817398727485859, 1.301487906449335,  1.9700690263155431
-6.517344662095601, 17.10306318301558, -1.7225058512376066, -4.959571974130679, -6.845129794944768, -13.591470065454207, 2.8183517981407604,  5.512491922677512
10.028680013726717, 2.962553005998579, -1.9319051776502416, -7.400732816675234, -19.045058547135028, -9.922055977145842, -2.1841637626629336,  1.6185420758747604
10.065759551716734, -16.83404157047179, 3.899129069346004, 4.996598600308008, 11.732866036520953, -8.1003305944189, -0.13744013837195013,  4.286141522675905
14.375563027224459, 12.860164528022317, 2.6917468763330756, -6.456868053487472, 14.920700970284301, 3.1539075258592995, -0.6956046562651768,  -6.408192242598075
16.394866384408353, -14.8547520996248, 4.538279135621579, 2.870682783965126, 12.189427606923779, 19.97450368769801, 4.0197974587312455,  -2.401809216338698
-16.728796516240592, -14.463377088736408, -1.977393964334352, 0.8408356220880453, 5.622529241362027, -6.364815691731245, 0.14337148431217184,  6.279468669989777
-4.024851595887995, -3.0277255567603234, 7.958367058214662, 4.950599129158778, -7.599022254589167, 18.90750574122218, -2.4566314267955187,  -3.367213971486578
2.488735149236227, -15.110258014699799, 4.219586463254977, 7.174100445618574, 8.582699823166863, 0.10011824399625624, -3.043938916705155,  -4.949221784758296
-11.944019944745165, 12.465773931360864, -0.9694342705672678, -5.559778998585472, -11.43695347994412, -0.4041767147698785, 5.624645525912628,  1.6205906113507504
-1.2804970377300222, 12.31752837934441, 0.6483053280265312, -9.387561019889624, 10.485596880311988, 18.98867062118849, 3.1221133426266476,  -3.6011265007948765
-19.702944858215478, 2.0637090392962207, -0.9034988516925431, 0.5170279830365987, 6.912392715412125, -19.014569452522917, 4.364555562318486,  4.438754897541962
17.277285923067126, 3.287018365834804, 1.0011888097523247, -5.865195077841285, -1.3930343300971373, 13.107088542149754, 0.4630388441286577,  -8.913386926485806
-11.756170902189034, 8.710302491182304, 1.3305718656307928, -5.6859461481822855, 0.42069821877353775, -6.235703484938044, 5.081986681613667,  8.577765547937265
-4.840566012043293, 6.735357890378392, 2.2550598372738175, -9.659037289160356, 14.44419733247831, 3.1036754275233847, -1.0165015517809532,  -6.490973210352534
-18.82721108424915, 5.4360143740542455, -0.9297667466350639, -0.8937113789244071, 0.17565001700798533, -0.5484899426088532, 4.3384226626749705,  0.926893207226255
-18.71208260248304, 9.79122620567064, -2.570354752413113, -2.0171272228660744, 7.259762144395484, -1.7886895761239856, -3.0030451062753105,  -1.4496928427785878
-1.0834799104617971, -15.129825781077852, 4.125145582046227, 6.666956425541947, 2.6847932842654814, -8.459380534361083, 3.8926235524121333,  9.001916256991914
1.7054370315402387, -17.32902227099981, 3.8228311635737886, 5.9323338038470546
6.134594854121627, 19.84345309471302, 1.6802747991280826, -3.4914805066433985
10.775893482958491, 2.950964546352978, -1.870537459703682, -7.2026684183288
-15.894589631568167, 7.993362990916587, 0.20511845424771735, -2.9595953479914545
6.446714693117244, -18.036114775088947, 4.195947369307297, 5.302726768350318
11.691972073783624, 0.7486636356202041, -2.48568290897777, -4.900396886536003
-2.965292232003236, 11.52748694405862, 0.6051605394896926, -9.400928574479469
-3.537231071646513, -0.7589489797938569, 8.104198111101942, 1.7365461248258311
-12.734846293047015, -7.147244019742853, 2.907722245622063, 3.76788331998789
13.821319862502747, -12.523850042931386, 2.5930304468584726, 4.1566076057635755
-3.3083575638662346, 19.56138029581198, -1.0899302609891541, -3.5942627964146325
-10.536007531779227, 16.67329331755316, -2.4125353863177494, -4.081779397916847
16.73589871222532, -16.34814631187193, 5.249171462784233, 2.200455790856381
-1.4538910045793614, 0.08865341291148354, 6.6233229394816995, -1.322670548877883
-7.453241997914901, -18.10641851049052, 1.0568328496285009, 3.1839418985863865
-10.332574510184088, -16.178814337785564, 0.3163404109715824, 3.2324393700015293
-10.470003771503528, 12.311643451606244, -0.7735826083734842, -6.4315858378188295
15.799131515440465, -18.27108431681413, 5.569056909979473, 1.6517914502961801
-7.922126549491239, 19.223287943771503, -2.6244063238441084, -3.036239327905488
1.5801929021494132, 5.052374468394252, 0.5376038773556939, -11.412171891405343
-19.77818366372382, -0.6036222622976304, -0.934253402067295, 1.2114980654815166
19.5331413848955, -4.992578900688077, 2.5221379496802463, -0.7188908991683416
-16.118473654445552, -1.523649537262063, 1.9609834912967123, 1.7494001597101168
18.52017863969033, -6.326775457399343, 2.170975319557666, 0.3195776074523353
11.956909328600528, 11.953853248522478, 1.4263140765234823, -7.805588134294162
-11.670068130442534, -2.2652919279515302, 5.189924226686578, 2.816615641192964
8.624051006172195, -3.5792085834428846, -2.393216022571856, 1.311481035820682
-12.359721785183154, 18.699772272256737, -3.6521468395962806, -2.096948804645507
6.030014659051734, 14.618394060915975, 1.0470601223764229, -7.978073850732457
-18.990305688014253, -9.32376740835461, -1.988946126689978, 1.7590762304467429
0.0828440130697139, -17.30205459479793, 3.962646756859002, 5.629097400375127
19.721330443791672, -10.541504152078844, 4.22296461208321, 1.4290382617936146
-5.028312706182078, -11.43952340366615, 4.404395553338722, 6.848877789669594
-15.782165355781967, -10.70080857583057, -0.2979690598033038, 2.378598424851983
-7.975594579871812, 5.377690715977565, 3.7355150611599335, -6.607503289411328
-8.75060874188366, -5.50892956093695, 5.88046315157381, 5.106068356283467
-19.762286251058807, -5.371234962905419, -1.4514804982382614, 1.488798614726326
1.3554392679317857, -13.519366517978764, 4.400660237352145, 7.830217221006222
3.897324334415, -8.273901254912825, 2.9553525847103397, 8.748107437083455
5.282019792069118, -18.95213578996625, 4.217694986808448, 4.693235748111633
15.503738418710995, -19.355254783065043, 6.09899938222007, 1.4945851000669705
-14.921678758561544, 11.086498462824089, -0.9392001947844939, -3.9576037877188366
-18.164190711913175, 8.439947743820401, -1.5754774519280552, -2.0443266673813376
18.84184562040516, 14.86731732569229, 5.716049365308173, -3.843973048474787
8.406466052827941, 18.340389720866675, 2.2390015928906406, -4.537739468295918
-2.8074664845367217, 14.915156572872291, -0.16214090434118678, -7.396429748897667
-5.761693281055415, 17.190546116153868, -1.4944352046889922, -5.072141914817255
-14.048893750315855, 17.601160597130942, -3.7612507418196053, -2.263943205575927
13.308647891328505, 13.842193527858562, 2.616764315210009, -6.286150616242541
-15.043079603042226, 3.8594759336694793, 2.3936295453309917, -1.2468997603051193
-19.344300764962746, 8.84737464202427, -2.6401166917818024, -1.616971344465206
-19.69049943496384, -16.607108902190653, -4.543641703472167, -0.5101678620647725
-10.980063581999055, 15.004981354928987, -2.008571740195743, -4.862262047010354
-5.456947280495466, 1.5983974085023398, 6.945647283784682, -3.3446412396939262
2.7241285527591366, -10.981465587761603, 4.1993750872347775, 8.592990704493028
2.8858707193784454, 6.43807180118413, 0.19242346590512494, -11.333886413009807
-8.070184267306821, -3.2549256407989624, 6.986156353691598, 4.307984086281781
-1.8764430181547986, 17.29402646168326, -0.33986217738635105, -5.701121806936953
3.499749899180099, 17.930094864725646, 0.8314554475785694, -5.3974347109384695
2.2413901506058735, 0.022456833964046297, -0.4769791147362086, -5.8716261395758975
-19.858711561350066, -0.7644382450015144, -1.0126742801388318, 1.2340988297656044
17.09819994250607, -12.065372438931234, 3.86193279528295, 2.6485228138682952
-17.916354624420045, -3.7288442610452606, 0.1635019318687938, 1.8261031325944863
-5.1041407762355195, 14.286122314849749, -0.5484377047083511, -7.258140982776521
-18.935555377601617, 16.805969190360194, -5.760666787558179, -0.6784027048803232
7.236119959798259, 16.16903976256871, 1.5202582342443494, -6.558045534233326
4.3011628328255505, 12.478132497444975, 0.7067355059794718, -9.571638845054636
-6.5782450584285534, -6.017350878897609, 6.564071202590183, 6.181539638675831
-4.405030786868306, 10.191883262911329, 0.7889974425596389, -9.556213205786282
-5.228353022854089, -10.31120774030931, 4.858737193147482, 6.992681341878857
17.506734271623834, 16.3204433465216, 5.447385715039976, -3.4315428120796057
-6.048107356520358, 5.385522810321891, 3.3853100637879816, -8.269056058592613
-9.04631153387697, -11.755394851457236, 2.9458791735483505, 4.862599043629512
-6.546418840128222, -6.9160042953799525, 6.158096363894554, 6.419790826377023
15.291044047864652, 12.892152588949017, 3.117613582750023, -6.118540611240888
8.384929142363916, 18.373809010355878, 2.2374395826062754, -4.512733612657449
-3.0982658756776758, -10.19867845777295, 5.285353733644243, 7.904864311890304
-15.30406251234043, -7.957865671952007, 0.886272822707074, 2.86253882380171
-14.18945064118185, -16.312556105265198, -2.009519312857199, 1.3523105406803815
4.117287868276929, -5.432502009742123, 1.2833188663864776, 6.3431380185681
2.582813703845744, -12.346571171177736, 4.3602481017767465, 8.24577877075098
7.076234386110425, -11.379782108973608, 1.8980532956767053, 7.262968353537573
-8.879056250238557, 9.67041688579507, 0.4754703915532392, -7.894194599814728
2.389515825788475, -6.606543485319229, 3.772835241819489, 8.31194731184188
1.7195513018077406, 7.7593881143297025, 0.5636169471012367, -11.213037998688776
16.485284859105164, 3.228528535778157, 0.4016893184440953, -6.050802347317099
-10.692544844284765, 9.867905231059861, 0.8360690941006794, -6.54380595693576
11.110760702188301, -11.98394740149384, 1.7591206803792367, 5.354138129458015
12.822968787115443, -1.4026058110869428, -2.227851855335789, -2.6298513118592504
11.190666483557806, -10.500871200469364, 1.027547458992231, 5.3282186195068295
-6.696789211292945, 18.147884771666114, -2.0120740736802034, -4.153374261466052
6.312602925992202, 10.91511322006167, 0.46274331780253775, -10.0087064743268
7.534973728825165, -11.82783528606269, 1.96675810093641, 7.102494106706253
-1.1724500621382958, 12.358554908471405, 0.6510518445756799, -9.389761851030293
7.001405076374873, -19.758884573868084, 4.505666323348357, 3.785386333762588
-16.50369029388709, -6.128211191457623, 0.5378514123004301, 2.4413782607297136
17.774621584743606, -0.3523807610166614, 0.6921873490313182, -3.644104136224182
-9.192949302786651, -5.583051221851605, 5.628598426726118, 4.948972851647225
-11.573894897837471, -3.1519977131994956, 5.03847013408828, 3.269944669951389
-11.278582418021017, 13.830100292117109, -1.591053878165262, -5.344756633218108
-1.7491760383374846, -8.80791926256919, 5.68626887253124, 8.588741827378108
17.315665925659268, -7.425945854832129, 1.805192964456948, 1.3121773591300716
16.388586481733526, -18.263276361188918, 5.766786958635306, 1.4986191328029328
8.284602410707045, -0.644438438614948, -3.1568654242869343, -3.826078646519169
-2.231157546880791, -18.547066225920737, 3.059620080777197, 4.284712909579088
-18.372672380344753, -6.689855317522362, -1.024068321683945, 2.076232149170142
17.88478159629733, 4.706399084587645, 1.8666450362783635, -6.279514263978578
-5.245006332762925, 4.479081562196221, 3.9925275871368253, -8.326403378463759
-11.7547385485909, -13.397342286878505, 0.9075502961726674, 3.180458236472262
-5.527309378745663, 14.534134061617266, -0.7253934226664756, -6.976255208855424
0.3760690940089546, -8.123939357725778, 5.145587217835972, 8.990828135186284
18.010065002766027, 12.638643586682392, 4.464148180576931, -5.292292064450031
-7.081042287902953, 18.883929809119692, -2.28948511060156, -3.4968924586645613
19.494043913215634, -3.653594650168877, 2.21450659406446, -1.499896061253077
6.23692411553899, -3.773872061950879, -1.5185779837653781, 3.1789144144947485
-9.706075770377156, -16.69389296000527, 0.42545913179500694, 3.2437346744219653
-9.45558615528672, -9.14080585961019, 3.9387285918278145, 5.099601254880971
-4.054436812674421, -12.604558758987654, 4.227543307955889, 6.904416721503292
18.152736132579058, -15.884804584753699, 5.62972782819384, 1.832924858442528
5.00834132555206, -2.3321044781511766, -1.8274879254248892, 1.0777009919703855
-3.059278040936281, -5.12032868302882, 7.298377426004761, 7.186675357301571
14.732588406897833, -8.780920774127612, 1.139981641191099, 3.0644669802108773
-19.17695370425507, 16.723880638364264, -5.873590526748638, -0.6151541965072944
14.579211102944221, -8.923928398159884, 1.1474314170421014, 3.1933118358967665
0.9395019330007379, -15.636472109427316, 4.2017155453317, 6.651472065862677
-16.26291724955697, 13.49864433734836, -2.7677480553334455, -3.0307930237981147
-3.5893712972306773, 6.468661608092283, 2.2300764184476938, -10.298059680019676
17.72802233908611, -10.194776337541512, 3.137117944961288, 2.0356732564434292
-19.473606748365544, -19.034063768649105, -5.294462128586375, -1.1890723662070144
8.375427696126884, 16.98207539173913, 1.9781902459631855, -5.679653453356469
-1.30678907948516, -4.99563407609925, 6.532983550852476, 7.723336016766449
1.7144169870961719, 14.356673503257632, 0.5267881124279097, -8.414697228024089
6.08615495171766, -10.68080413271575, 2.2949131373886096, 7.597239547025126
10.983208180822945, -14.6154601065412, 2.947005636582512, 5.551140349316736
-13.377601170851484, 4.507291312359584, 3.262257875740069, -2.284619189046599
-10.448663754294753, 8.191141902221226, 1.8353507283461603, -6.0954226517226235
-6.019258904321735, -8.903041599704586, 5.335614432873383, 6.780216911079727
19.9567362389119, -18.37535501766162, 7.475663586742764, 0.11546846235058439
5.832900867324486, -18.452016599510227, 4.218179573293914, 5.047923690061339
10.408410316760165, -10.796401700068365, 1.2098465769549254, 5.77280382259007
-16.40672531710544, 5.937988476361909, 0.7385966885562816, -1.9420695509456305
9.304048691717135, 7.123812596753755, -0.5654278222147529, -9.932246335432243
-17.92396211463171, -8.227722177833755, -0.9850734691871423, 2.1982192813140013
-1.9564661512049994, -8.51586841098014, 5.811552595408204, 8.554976152504775
12.420538250814836, -14.755395793892125, 3.3131582062673104, 4.76915594066312
4.4871744676236744, 19.52859774509814, 1.1471289121912651, -3.8926515780131403
16.102261543954754, -11.113717500596056, 2.897486720619467, 2.969678744496269
-19.996724495453293, 19.223893682479556, -7.363641159829253, 0.9768647670833843
15.308519387895103, 16.778898653104505, 4.394174359320774, -3.8998846880559874
-3.379857966494665, 9.784618486269242, 1.0032463329861878, -9.99372260622565
-11.486740057234037, -4.307837156642901, 4.750456938315779, 3.733535984241364
14.06192205548701, -14.89551103127917, 3.7829685020789388, 3.9028045203610695
15.75461471494556, -0.13968110499547493, -0.5854102021201193, -3.729067732392024
-2.9561737850970218, -7.774144476275264, 6.218991891989848, 8.199945809678262
16.673951410911044, 0.7049384304515627, 0.0012643373679459557, -4.472449651517862
12.161054733339107, 14.306071491241298, 2.3967984679240892, -6.42833457546714
16.895294183661477, -7.864770638676951, 1.748372514415749, 1.685866152371009
-6.4075658382262155, 3.802955053904597, 4.876826882141264, -6.535194709258599
-2.3470345816211555, 17.31370130478968, -0.4709991065321031, -5.621187711073347
-4.097437934660544, -0.8888780649915873, 8.157149286219965, 2.044512073815687
4.687443542130719, -3.8104205610500976, -0.3473148923729408, 4.373284737883958
19.69913743700426, -16.045948617640544, 6.423365181872057, 1.1278090428866463
-11.175867287711906, -7.093794755053992, 3.9052187983736975, 4.381639600199756
-14.091086254415192, -8.631230618737785, 1.4536282513337557, 3.222340976825416
11.169811714379211, 0.9156800354087125, -2.547186470511882, -5.161420783915225
-18.641854554871202, 19.30490340748755, -6.567360542695681, 0.5188693244876355
4.640259102665873, -17.642420855879163, 4.087090113592098, 5.746603217798921
6.446750871879221, -4.8652251721906445, -0.9500598741758699, 4.55001551011263
-14.57306811499711, 2.5465837159677136, 3.0572651763699312, -0.45085922225493924
9.08319802013321, 6.8450641788048685, -0.6200063685311967, -10.006838774349447
-10.099473859985743, 0.9946488581163102, 6.4365877986562765, 0.1969249536893657
1.5065377628347711, 8.672134565281475, 0.6265963297499652, -10.94997071967813
-5.60530604235732, 11.909303807637567, 0.05828334610859631, -8.469148940076845
5.116873955823998, -18.466735719258452, 4.165832312704559, 5.097111840531252
1.8591608667633963, 14.476483817270797, 0.5375376995519099, -8.32567515142049
2.7029665022112503, -12.966869381772197, 4.374003041638606, 8.070565810437254
0.4150548139033603, 10.277833461172044, 0.8464720089918243, -10.25261630644017
-15.59579214218398, 12.683963149609532, -2.1579823695276055, -3.4621506873569317
-13.300734353477557, 1.3630596886425792, 4.22403817809966, 0.2371901216180965
-4.5702607025313, -10.055049299545772, 5.130695018672757, 7.3374657152320815
5.89730052034929, -18.504315649102423, 4.227758464817476, 4.999485349100251
10.401832269745803, 1.0776255493748366, -2.5984826727372177, -5.537798599491074
15.030848421754115, 0.8287327968539948, -0.9286398658342296, -4.724915703701698
-18.598673258638073, -14.25596124471432, -3.072207212644205, 0.43990975556424416
11.82418354563309, -0.320958045682076, -2.5887824263881978, -3.826933152455056
-2.3248291413656546, -7.262608744900261, 6.329885733720419, 8.405810810185343
-8.618032069314783, 18.63545249959016, -2.6653993855070466, -3.350603220146585
-2.6812267686628957, 15.360121307000675, -0.22453052767637827, -7.09730397406862
5.926524928230972, 14.337105850946394, 0.9949637928954269, -8.204032577723371
14.097981790959501, 18.25248111158806, 4.338738100419874, -3.3141406396900166
7.91768944812376, 12.21587741577465, 0.7106111929671632, -9.207234655111463
9.32511581610326, 4.209073437831222, -0.9984638660652259, -9.136102258853786
8.69416535566927, 8.630016456993314, -0.22856216368518645, -9.785888076715711
-18.363688278548093, 0.6444334212601, 0.3131335738511467, 0.9635582927576629
11.706054429058984, -10.28151253959984, 0.966277568126447, 5.018439970734651
-1.394080541039461, -2.6005715615841964, 7.0132292736084505, 4.307970622805055
-3.8885132286302415, -15.12641888930354, 3.4297163048338613, 5.916020686331709
1.028461650805916, -2.1500653891867394, 3.5771721607948255, 3.6300263295981665
6.535710291105627, 1.9765223512980654, -2.1875608670590427, -8.252848833809649
-18.898282813913873, -18.723280495769945, -4.749644774114204, -0.8197460672855179
8.054392040729308, 8.30324474237424, -0.2578411777855827, -9.986890714285533
18.397565348978674, 15.068187260152456, 5.526211766272052, -3.881284754801154
-1.2776133045097637, 5.0362604674067555, 2.00509831619837, -11.002826699568178
-1.7127308921493594, -11.082150533289884, 5.074624886205708, 8.094147709159493
-4.932920109746291, -15.844630701413355, 2.827709874678397, 5.226459001869436
6.661084759799699, -12.318794251441298, 2.3298631273130086, 7.408742942021638
-0.9812885003553475, 18.697464120855102, -0.22843209153509825, -4.605041485469357
-18.73324277407651, -13.930801997751514, -3.079609945666295, 0.5079506515943457
-8.056832625131278, 17.67227857665018, -2.3242309343767262, -4.22720756709154
16.35367184513322, -13.519966367521574, 4.028083962202858, 3.11249328368004
19.244710931099114, 10.029901005176836, 4.302161139512799, -5.864561546250213
1.5990833173039078, 17.268115318459436, 0.42104602902719956, -5.985921774563543
15.22428568706372, -4.347340299309712, -0.4847175809826929, -0.0478547503872786
6.253727839177266, 5.895405822933743, -0.5876219800677536, -10.606958529908962
-6.921272567081417, -12.824393013813363, 3.1075928772558346, 5.689403658243968
-1.3276049015208535, -9.468758547733636, 5.4356540575983825, 8.599244123779027
-5.7973949453439, 18.165758755938384, -1.7140104885939609, -4.324461819311278
-1.5544851787132252, 7.395658619063596, 1.5110967426311395, -11.039200194074887
-6.55080420929384, 19.834443138030885, -2.3023651919098453, -2.8263460479602536
6.350704241666687, -12.159621370176644, 2.4370955352085453, 7.500554218656561
-16.07264005514132, 17.72722284708332, -4.597324244700152, -1.3826990855691648
17.7911132884251, 4.853135017117246, 1.8365467869702101, -6.355537321306025
-19.32034002615027, -10.978604628940483, -2.663150691534245, 1.2684526166868455
12.051071364741034, 15.018393172521492, 2.6357014874417626, -6.015744312050046
-1.8404074234938506, -5.37917526890222, 6.843419080617309, 7.8023465122945925
-9.030999541678192, -15.321179449345, 1.2342634893306865, 4.11444627325865
-15.370218562036122, 18.104107936318556, -4.436651404616288, -1.4270531883400075
12.345044589020013, -13.408825576420277, 2.6256737704057294, 4.853830401736527
-11.717998004642677, 6.2220620264170705, 2.9766025405208083, -4.30848799510691
10.586568607345232, 12.412593810417903, 1.1766515500876515, -8.114637466880058
-13.466492346544685, 19.36513152094789, -4.215601985763069, -1.209290779885908
-10.887917367398941, 3.576617325227893, 4.97626517551965, -2.703644674313125
3.504630212752403, 18.694475425707203, 0.8538348989865332, -4.699506772010228
6.3066977230063195, 3.396170652859823, -1.459960124327929, -9.620768513423894
0.7509031465590681, 10.586301523901206, 0.7306847715682985, -10.092709589436826
-15.757789576494998, -19.9163239526709, -3.519050527656354, -0.13307165376467722
18.09955471157855, -0.05369281999257325, 0.9204223396246469, -3.8066364364045837
-6.86658484658437, -5.277869596675773, 6.777481202922461, 5.784710756401751
12.153732644757035, -4.705191503249932, -1.7752930685981951, 1.3809588882235495
10.806766959747716, -2.381519916485839, -2.8344423565902, -1.2423890079661521
13.763098510017656, -16.951837438025905, 4.735590331601646, 3.240996626297118
-0.754866896794546, -1.3260115914644501, 6.10238389440166, 2.638326238728228
-9.426880827517685, 17.744589797786297, -2.551127057653341, -3.834622082724856
16.201138314362026, -2.2561479221636986, -0.27543819261994784, -2.0110658276578093
-16.11361577138123, -11.728674044131623, -0.8161802206059825, 1.9948330922575703
-9.140326541461668, -0.6312090591424315, 6.895369634142746, 1.9669407843260678
-6.464915551250874, 10.965442792019328, 0.21738005460767962, -8.591016230439724
-0.9589356945966543, 14.814820177738142, 0.20242059167207294, -7.811198393369313
19.83127000541122, -11.206561999948512, 4.48084989510248, 1.5020618249892497
4.466855087004113, 13.900092421125734, 0.7924551605066665, -8.667099807347654
17.809465397803372, -8.396542998064778, 2.45796386484985, 1.5348643257794645
9.081709757855183, -19.39935406331617, 4.68170572385133, 3.5796190171985565
15.165697535581337, -17.442458035415683, 5.295438146506939, 2.2732230487393146
9.335815946792763, 19.78441547470637, 2.8207632996244696, -3.1230829897760586
0.047591231707173165, -11.626640370665221, 4.722931509960361, 8.23492568964399
3.7857433154609907, 4.965999189515632, -0.3184309258394471, -11.126870678778442
6.722909493145885, -13.095530313083955, 2.544802071919942, 7.415240556129866
15.948507697296321, 4.8396547000191426, 0.5051108174425298, -6.918068769973701
-18.257251817890527, 7.361642588280247, -1.1898517915513267, -1.7329112775371058
-12.156638134840003, -18.90636874722182, -1.6059683794828992, 1.3713103120925467
2.0381310093302183, 12.532545543239863, 0.5139021790163505, -9.639871461705106
14.397645931305874, -15.859162994033692, 4.354796869478763, 3.4171349273861544
6.521711427339053, 8.403008978318802, -0.04609485680639125, -10.256006720563626
-8.219320237140423, 18.854559947390143, -2.6204262892839276, -3.268746986267729
-8.852501197278126, -17.200712424604813, 0.6657670072056501, 3.2779974359349175
0.7712144457130563, 7.772595447054314, 0.7816748034880159, -11.228787012843366
-10.213608517494599, -6.456711910801722, 4.72275816830032, 4.710841290413816
2.5451193212627885, 15.467126631580406, 0.6130686304095772, -7.543912659505192
9.893036237496577, -11.616321635408774, 1.6803533584097359, 5.994192592686002
-9.92891717115588, 0.9552275666997403, 6.527780594637896, 0.23421684316545832
10.758347798594563, 4.750471127709478, -1.4265990673017193, -8.97387718375447
0.052970652036631094, 3.8850135936096883, 1.4651298968289765, -11.062729464674206
10.242401165186426, 1.483191752013763, -2.46964115392783, -5.984404816693017
15.910109768161483, 17.882699619611124, 5.098048618175195, -2.9555274364077704
16.61418026501967, 10.180733602400878, 2.8168319188797746, -6.727246307782593
-10.147159840351087, -4.589142159644496, 5.480860234363197, 4.2820072111011775
-8.800001957345973, 6.306409642364194, 3.1881795000330513, -6.499820948325848
-7.031135022332563, 10.175664196173443, 0.412190231903808, -8.627533896961332
-15.459636863628706, 11.014590513707667, -1.1393139482914378, -3.6495630465843103
3.436078986133417, 13.415547485860003, 0.663909995291009, -9.048138149975951
-2.7649739147715238, 4.998578128354136, 2.7312199047109713, -10.409977877321802
2.1764852626205666, 19.02685065412326, 0.5295205360804822, -4.416273588805289
10.2189756567244, 1.7925299763046638, -2.35191309265757, -6.281775008142457
-13.038716378451184, 16.16456867400533, -2.95549872669163, -3.559016938203392
-11.766488692667592, 6.00173027160627, 3.11936587558691, -4.1599834171801575
17.458874118987772, -11.056814791532341, 3.421969169257851, 2.2558228279418593
-10.963058370543388, 14.072756416880992, -1.643466812576131, -5.361960345543601
13.106201038755387, -5.9318658808918165, -0.8861958256451388, 2.155869488186511
-9.396148452726205, -14.904461109529494, 1.251082655331178, 4.140115388379256
19.517444124005777, 13.413724035210656, 5.618120902018214, -4.396740151318685
15.975664197561471, 0.5471730404162827, -0.4850998745857851, -4.465381675259116
-15.424606708549042, -17.896786461987627, -2.6593493715564502, 1.1981769807064566
-6.776715887402025, 16.813217319473594, -1.736290164000578, -5.096212223733364
17.903273405497885, 13.646554630765436, 4.752397008528092, -4.834041039905625
-13.652834261178374, -3.2030731555568366, 3.551719759649078, 2.7490641263059707
-10.150283251994953, -11.78600901086539, 2.41409332493345, 4.3413322381789445
7.393034004425992, -0.5555332912093363, -3.1476303507782326, -4.044334275701466
-7.00361420096697, -15.991421506607132, 1.9086031948336988, 4.498416544519259
1.7905348396651704, -6.118993877324122, 4.057380749760561, 8.306128243352829
-4.356167753981621, -7.579650328211752, 6.2943630452176915, 7.567673168579677
-4.512191803219313, 2.2343833831090336, 6.147202821113055, -5.908602730350893
-19.43424777611828, 13.905879808939105, -4.845066584399941, -1.4584364336779085
16.876794465156244, 2.0211876183481223, 0.3899410213295482, -5.301668636506907
-9.279155328615353, 19.609560008563157, -3.0931267072690884, -2.3554359958708417
-4.6722387997432655, 7.746215771619877, 1.703862228610065, -9.867980897941738
7.598101889802781, -2.6276374136332024, -2.7210017925697247, 0.1714062428872256
-12.033673706663098, 18.663175035495662, -3.5420104973074213, -2.237221771772184
-17.45236562720517, -0.5940244870781299, 0.9878225930682092, 1.3614032018298154
-11.170771608388828, -8.241034710887543, 3.4313192812019437, 4.40396668474332
13.141092887781227, -5.309377480683297, -1.1555170507028976, 1.5811275001927552
-16.666069211646082, -12.14763979512059, -1.271547451714282, 1.6873247672890734
14.414936410607247, 19.081154002406805, 4.749851746559926, -2.5602608306296553
-9.280713575345052, 7.016359508127575, 2.7390229936478914, -6.445305471971965
-16.75204010000837, 8.938623673253932, -0.8090149937407194, -2.790284915956839
-3.342535503981633, 16.72639673151567, -0.6535803755320528, -5.928658436876432
-7.538553201866382, 17.658679896221003, -2.1764990216369506, -4.339686318756961
0.12989708330018246, -6.044283038650029, 5.254228168766701, 8.496887207033135
5.880783805468344, -10.010151867554956, 2.2400359152518923, 7.83943856288051
-10.809456106019395, -12.146142215009537, 1.9214677134729303, 3.9517017648816655
18.395982553032418, -0.2834508952570616, 1.1043933780047333, -3.6044776025684597
10.06459851459973, -1.0403247467735355, -3.073937007938685, -3.0813859956855625
3.501606402684679, 3.365559245439947, -0.6011111019576028, -10.656996019005996
19.19545231669551, 6.737324967164877, 3.3025744848107017, -6.374972593058494
-10.409221137142385, -19.392093633449004, -0.7910179041423664, 1.5502520467808516
-11.252714413011486, -1.7792143080817304, 5.566679886224154, 2.6204113457804494
-4.2631865309407715, 12.493049572653966, 0.1387342856323146, -8.568738789143008
11.422270200050097, -16.43616128346336, 3.9307805509996543, 4.627914156244838
18.080428998767758, 1.098267095325106, 1.0836768568104382, -4.5182090395516425
3.85615851439254, -3.797729147706626, 0.5554212188549412, 4.963344686507478
5.9800382278201525, 14.853052139978601, 1.0723521085809828, -7.8050331868196885
6.9574386727799755, 18.803941752780112, 1.835516072271087, -4.346179684879022
8.044889986480797, 12.868829457839055, 0.8990018709318024, -8.784008773486068
-18.198416647246624, 6.907940559902016, -0.9633282278384385, -1.6190370035000754
6.190105778156649, -15.930157960735052, 3.8723327929028213, 6.689731929490286
13.695499842544407, 4.566896156045228, -0.9812830452194827, -7.6309387709505625
-16.066876384602683, 3.7786847489073416, 1.6593478110670077, -0.9380031412031178
-0.8633660668410279, -10.668257204487785, 5.092761676181972, 8.398323859411319
-19.209756376813164, -5.37730875256953, -1.0818815818965852, 1.5567500461886565
4.794043098803048, -6.828834660508289, 1.6611784445937463, 6.92149668771029
-7.709813899377114, 10.044849684945973, 0.36052608584768464, -8.387582189436188
10.344985902232516, 8.750633419167006, -0.09432587913178025, -9.384140420699872
-15.952721835792447, 0.6466382788777381, 2.1743080006393445, 0.9045034460629422
2.3119464146087374, 9.792181077615766, 0.5107679407075327, -10.572122429676359
16.12710889043469, -5.238445358475921, 0.31314812588092167, 0.3924746432755084
-2.853461106436818, 9.310699695945203, 1.1495372151499401, -10.27982496501944
6.505456746808285, 2.3147960367356575, -2.0110968243008926, -8.62135921299184
-5.994414719881899, -12.185906137715659, 3.7449982542584, 6.246012068440976
-12.64770511968944, -16.736668382005092, -1.2329715428722015, 2.0633934880533005
-16.75196600455645, 13.83192894534983, -3.175579959554737, -2.7067098139645225
-4.653090033045704, -17.570415082062063, 2.4330070550673257, 4.3133899116346335
15.857026861409594, -11.06918102585742, 2.763673048056795, 3.0857717966097535
-9.275022787548618, -12.220086418222973, 2.622454122971405, 4.658931521115715
18.700042395311726, -15.498396553267817, 5.710653632183556, 1.7393970264342578
8.88652968658706, 17.28354972175643, 2.1987353793633684, -5.330335624742851
6.720051812892166, 14.349064378106576, 1.0973624750234157, -8.070753202845196
-10.302115923469932, 6.957119143754337, 2.67527317788986, -5.721306386563157
8.034853598672708, -1.6666994930809693, -3.1095698292680076, -1.8889481271665507
14.82182482454138, 7.775444006743019, 0.955291783535305, -7.821749431949538
15.795111645553312, 10.128174130939183, 2.361496403597659, -7.04279478989498
0.8116168525399026, -0.05247136017427323, 1.16445962508249, -4.828622731194818
-1.8508949319979742, -19.134125485877366, 3.0448089813944526, 3.9457230292504875
1.4056560006086691, -3.081070651429446, 3.2634330809478844, 4.95858784462577
-13.69865615589454, -15.237212064522772, -1.0701684748147908, 1.833714594714209
-2.0259248674535435, -18.40347785815002, 3.1594672531791304, 4.434835584131058
19.46319556401813, -4.875162747723056, 2.442790002946275, -0.7706632103981956
-4.715632281954738, -17.95494797853253, 2.302109954337073, 4.051002683450591
-2.9331066418944545, -19.370182507470332, 2.62358613468916, 3.519355478121291
-18.796254666686842, -6.436030673503815, -1.1730657773705566, 2.0223022986772037
12.838757909835103, -1.6471568026961414, -2.210518701661906, -2.361150727239816
-19.406376831760493, -13.471198732417005, -3.429562963659185, 0.4713271205524183
9.596908878071918, 9.531749485788723, -0.006903233890966476, -9.385151349009437
10.180916256196536, -5.933224952658591, -1.4541171624835485, 3.7642841908733526
-5.908922118440865, 12.083026681559318, -0.05570380486973381, -8.286508667072823
-4.074484580433397, 9.087640202422524, 1.1770792613089434, -9.971473511441495
3.244920355247203, -5.426332817011632, 2.139152543668201, 6.908172098703693
-16.799739199794836, -15.354984941065567, -2.2196366792215176, 0.5348841520876526
15.582348932356169, -1.906379599104607, -0.6910176610237073, -2.258986678068589
19.760181557377415, -5.444122060259776, 2.8001381058511647, -0.5175078135912914
-10.001827813202691, -5.97842720756049, 5.036015421715836, 4.715291269181874
-6.276556121440295, 5.494269265178584, 3.3308429145144327, -8.144944707583454
-19.490497452643755, 10.530745490686066, -3.4636387520325123, -1.7367754066836465
-3.3434149921181984, -2.7104322532139236, 7.936724580565766, 4.680750405013012
-0.7553993947705351, -2.031502048151271, 6.133246975106825, 3.5341390123323375
-0.10116403758419779, -6.163827585699014, 5.396092666187718, 8.559343432192426
-1.8661545243889002, -3.813946572761413, 7.470804339610982, 6.187387979265814
0.729708719083149, 4.930763394245112, 0.9418152944728704, -11.363761168343466
-10.358375711299, 0.3374859523257747, 6.323725760777595, 0.9726160969708605
3.784876768436156, -19.322067416395786, 4.053452733015805, 4.466117163107874
0.8197495462911348, -10.428270158936774, 4.745122604998546, 8.755741658335863
-3.8184580822140965, 13.06120649429532, 0.07061013381009396, -8.367563367867032
-6.950576129581512, -0.6713230500351166, 7.664290102201214, 1.8434652953578792
-19.010353853595383, -7.649964873391184, -1.5531540523246186, 1.9708866439053505
5.588843723443276, -7.39352901762369, 0.6520437418604157, 7.490888944675257
-11.768099752728137, -8.373772804413996, 3.0258970656974373, 4.150565433333611
18.17513227235773, -16.527927109908873, 5.894820729419157, 1.5815103102834627
-1.4656894570114147, -17.66452385365502, 3.5008671631898203, 5.069076583875507
1.5463296515527674, -14.158570520622092, 4.3489753955799895, 7.556501355311848
5.363392209886946, -9.424101500395153, 2.3515811181063704, 8.057890667281434
7.636615556890504, -6.114157613250839, -0.7773628130846291, 5.268771941507129
-19.83326045569696, -8.204211639270206, -2.2447700040070657, 1.6884413646560894
-16.724222437958044, -0.1984147364107649, 1.579848560211044, 1.2721106361137626
-8.44439725383352, 5.599674750485146, 3.64442398882883, -6.381028370395285
-0.0025621027443563094, -18.55820589616531, 3.6587813725288454, 4.785379697865331
-7.254643977184125, -0.4376323704176386, 7.556753967466401, 1.5681077008300184
2.8881537033723887, -15.805148242879978, 4.112980789024449, 6.8412942796188165
5.998851617075836, -6.252092891069561, -0.11900586345237496, 6.0819658377461305
-12.68314824185281, 12.213067531161329, -0.9286191377501858, -5.18119192996425
-17.255064525074538, 17.190794133491877, -4.965291942841143, -1.1926367320633808
8.250646405215821, -0.9763591883060521, -3.1627683598375746, -3.2163062050390407
-19.55356460463523, -4.394987558144079, -1.1706902807355561, 1.525316522527433
5.831936541129824, 14.35652392165155, 0.9860820719674361, -8.202144353696895
4.71055976437702, -4.091703149968588, -0.16096815322764524, 4.72556783768753
-2.105624530207855, 14.931813074131384, -0.019256806755396205, -7.5248747323516945
-5.945707619728132, -17.393696055127712, 1.9454029351511224, 4.053955856006105
-2.29309772600309, 19.938365040388305, -0.7815590714678355, -3.3894807035295074
-4.809085493087286, -12.277811332436972, 4.123814221590909, 6.718015713999161
-18.19479453608772, -13.161244695785545, -2.5110181507269935, 0.9047081130082066
-7.037423825219209, 2.9711334184836637, 5.716367686318842, -4.731277531577067
6.623536630251337, -18.287243032191537, 4.233926494952499, 5.08214360121422
17.44720412775345, -10.574466205549925, 3.1890825599687957, 2.2106032210087587
-14.03751969326278, 1.2331773624915812, 3.6706471871217303, 0.4144943191210756
7.10343276017187, -7.709888425604081, 0.18646918101682886, 6.630299415991216
6.777648749787595, -8.228245879407048, 0.614006756115077, 7.019449487731572
16.08686080644822, 15.22778948684936, 4.291191086514495, -4.572399243371976
-17.15222493035929, -13.983899192158415, -2.0861193468366874, 0.9019169817673234
7.922347445888811, -19.995195940441004, 4.67427139918893, 3.389933778040813
12.872544601068384, -5.750407501388537, -1.0561797425273873, 2.108562137084049
9.784795790180027, -18.230511725820207, 4.393695092387295, 4.225068855532836
-11.629422824077103, -17.167792816192055, -0.7830514201251795, 2.3159542864585276
-12.807048195819227, -4.623150709008662, 3.7557271944842334, 3.3947372782477174
-0.33792755984185163, 16.643654405677026, 0.08947362930767522, -6.411663640412733
5.086960799441137, 8.259192559251272, 0.14194763634190366, -10.634386353434731
-16.715572933098265, -8.52851647466306, -0.2621352606073053, 2.45202776956034
19.669276518123496, 2.416892065767655, 2.591169786094408, -4.805153530370414
11.51269733602011, -18.700701359743736, 4.913789456906319, 3.2516268002291646
-16.636951434669236, -15.630672075932978, -2.1889553660881997, 0.4989494227180771
-19.38856622644899, 16.879158746293356, -6.067700191573449, -0.4592602483728605
-9.85458855307527, 19.862765245265578, -3.30619736851221, -1.9761600448565524
9.525194021694368, -9.975568395356177, 0.9583044219769175, 6.13159209699727
19.672185427401423, 14.741354301022213, 6.165977933683733, -3.6305163180076647
-13.400079783160631, -12.587123549650059, 0.39928918227173504, 2.7244526129740656
7.20744565869262, -16.868790176229194, 4.008857317842786, 5.964123916782302
3.3809944957440905, -17.335883014038053, 3.992879510940385, 5.962740867439809
-11.14809574924518, 17.937598133022107, -3.0325565572583315, -3.0675306415263854
-0.05713450602542025, 2.94851878055594, 1.7152657937345122, -10.625586656567718
-9.212668885589267, -2.397534193563594, 6.649561461241715, 3.4393897485686855
-14.67990375709701, 0.6646524121233455, 3.199495451198567, 0.831882311015849
-17.841768288003816, -18.07002525745321, -3.7556829530784785, -0.08823177767430934
7.185909584277898, -17.800735580912367, 4.148099916180714, 5.37044250816788
0.8513538247644128, -9.35894023371183, 4.843269597339557, 9.019647767675536
-12.49224227971737, 2.9327556021858783, 4.4290435030086, -1.322935116786259
-8.141468106011004, -1.744705010919784, 7.284240623979317, 3.0909421371312096
-14.441046451420236, -14.940572461871092, -1.2371377821471725, 1.4927103400181743
-15.738842605800546, -17.137595502646708, -2.0728342455029622, 1.1218583862589284
2.14854874803061, 10.240219659503147, 0.496030162577787, -10.419559831904579
11.694674887954246, 18.313792325575974, 3.4575964559565673, -3.9080031480764887
-13.264305592364977, -14.575241844446358, -0.4591749039823849, 2.257666509375623
-1.2018088275924441, 14.440301026886004, 0.2277405342518437, -8.049449081398475
10.682770957052409, 2.327124328753296, -2.10740494622123, -6.589160256355031
-13.728669375690528, -4.349497235771116, 3.1802286659321286, 3.0451788507044606
8.773831066189995, -5.063492602305519, -1.501652237920025, 3.6182797480928865
-18.435225988933517, 3.3553584429280505, -0.03137033457299765, -0.20715659118513896
8.805383187717975, 8.590859665698268, -0.23780096397281802, -9.774324216224208
-13.405366458610871, -6.560336423842653, 2.6755326100183794, 3.486940105706905
-3.6331083081232087, -3.180743490914967, 7.917060621597262, 5.17221202111792
-15.433660419812893, -4.578738771945808, 1.8333876103799458, 2.5883016257645544
0.265287461753168, 8.422426884654861, 0.8974064049578472, -11.024098284886279
2.7779075537640026, -3.802777584044037, 1.8926995327137321, 5.457704201012952
17.103894510181362, 3.923342665269523, 1.0504718464391551, -6.20109469616796
18.99163534821652, 14.695054254005598, 5.74481842928005, -3.8905098457702145
6.9450440650045735, 15.972539816988224, 1.4205360594825676, -6.767742945482944
19.649587124733046, -11.164909321434223, 4.361951097963923, 1.5493149382330742
7.642260796152165, 16.751171114365157, 1.7265288709695215, -6.008802319497363
-19.30399359934137, 11.979559861303372, -3.939442302958959, -1.7997726131658922
-16.423882004359697, 16.662171897808534, -4.318421351172983, -1.8108673573236835
4.48053493616613, -13.51722245733685, 4.248713894425614, 7.982099484452011
-18.423593297157865, 13.112859351048847, -3.8322170436456986, -2.0533476065294725
-14.420322362208422, 17.581654953872878, -3.875404374037897, -2.1313293175288166
-16.36538973198999, 13.519139351729294, -2.825494023446371, -2.9735040072587786
-3.058698270779601, 14.909413895604544, -0.2166561266881346, -7.3468899212984695
10.742969671297303, 14.115291294408046, 1.867104998448113, -7.084002955836883
-1.1903163035903646, 8.550732669147962, 1.1938735563247103, -10.851565112377365
-7.253296292382778, -18.11306928746329, 1.1484675698480906, 3.2377108394241105
-10.703995565838046, -19.945534435789853, -1.091055583019239, 1.1236000499576662
-5.4788737604594395, -0.24684652063864831, 7.915731913228337, 1.003345586746433
-19.22371649480763, -19.69080739094213, -5.379677311984528, -1.3913518581336177
7.4585427372922375, -15.982566325127223, 3.6030335137430276, 6.243827567330406
-17.046179750951143, -0.1760729877994791, 1.3279489550116423, 1.2561087867565757
8.726372383232423, 19.08660954531853, 2.4761052526291554, -3.8382161004500404
-8.18410799341244, -15.299281040715735, 1.6110290387007602, 4.417486288396697
-17.25853663840144, -11.699572136489946, -1.4952389603939533, 1.651795914812384
-15.997813717831662, -19.86462554396292, -3.6068904403351887, -0.18422074952739464
-8.59705231359817, -13.431724653259494, 2.317662530171255, 4.768034039068446
-19.270003916194767, -5.814720662113766, -1.1656531734062057, 1.5551299520918116
13.03663147966757, -7.853539388803178, 0.04914377438020345, 3.4986868871794243
8.403989459743364, 9.14939790607173, -0.12425703856099624, -9.701132718516384
-18.977741452159567, 18.47140411736101, -6.45180968769068, 0.17086360232185882
-14.439624280399563, 8.698599572145405, 0.6877570106660311, -3.9031296124809582
-4.822274601899249, 14.728901709935592, -0.5997062241250957, -7.044543498061714
19.798441136949393, -12.267081305688606, 4.8097166196907875, 1.6543656014263721
12.77822472192512, 0.22011790317637292, -2.2012319530039086, -4.289577730847516
18.617242571319743, 6.323559897329854, 2.817821076982172, -6.481994405649896
3.7295160658519286, -10.819062095871903, 3.810162507030988, 8.429790408751902
8.748002572432803, -8.471948517537399, 0.21901782346629872, 6.042853769261212
13.83034450963143, 19.090546363934642, 4.489786542165955, -2.7309335191203274
-19.688280740828997, 18.185323275738497, -6.774803611448435, 0.2936787428064882
-5.661588273434717, -0.46737281958761656, 7.920224289024624, 1.4260541067447399
16.96342054792116, 11.03830754820805, 3.3159264644205315, -6.322688130139305
-10.271100475592663, -16.1258924781798, 0.36910038926391486, 3.2801209111586935
13.649049109796294, 9.882405298929328, 1.2670182118057216, -7.934349353701652
14.333576927063135, -4.63834686440093, -0.8731502251536423, 0.4907087405950241
-0.3154515746788604, -1.399254881072185, 5.522918738016635, 2.7270393388642056
-7.411133177947967, -6.57310487978001, 6.0123734334712395, 5.949707139587195
8.745970367395334, 10.122845069092108, 0.006685209496998468, -9.40125856400859
14.554159460385264, 13.796081523024043, 3.091346274743346, -5.886004110937147
10.157508420984875, -6.688887285230436, -0.9865932309705325, 4.371050083413143
8.401853512924067, 18.904979684331707, 2.3310397688675275, -4.049868257761663
16.649596594888934, 18.8595090555862, 5.830409803552037, -2.007958422060451
-18.551699202251655, 4.46396547629902, -0.4123619241747498, -0.6172914376578253
-11.386283961050928, -10.137610624039791, 2.507873404396797, 4.123475800335427
13.762436325423025, 10.007667191668833, 1.3624676041505221, -7.854333244465131
-6.847903242495201, 0.7966145460053227, 7.322574532187662, -0.5873942428491128
-12.466804917569863, -19.846911847995578, -1.993647867190699, 0.7560217880093205
15.99832427916779, 8.385692775712204, 1.8197861788005234, -7.3191508655822926
1.152737880016879, -17.836045497775103, 3.923502500816102, 5.579529240062527
-3.166392903107571, -4.798323959026597, 7.427734744226189, 6.886072932106616
-13.138120139601469, -13.752468847921557, 0.036533687778620205, 2.5281701654271043
-13.072888110916656, 3.8734238309984015, 3.709196761306872, -1.9230172605036024
-15.011841926395334, -10.458029733464155, 0.26191131421717273, 2.6864201136394783
17.850887240158563, -11.22152862191896, 3.6090282614491276, 2.0849123723322176
10.554263859939425, 3.9216003819413494, -1.7658516974201106, -8.29203182974821
-3.473727622121892, 3.8114357399074166, 3.8844838836280715, -9.357294222569882
-14.655198803133676, -0.632484482876162, 3.2039554150388767, 1.5398281194896906
18.885340156349415, -2.8911673956655157, 1.6379771070802462, -1.8701966120469176
-10.28475022316341, 17.100275224910618, -2.4833793460186273, -3.9264565035838395
4.4309727986524585, 9.11428977781646, 0.39147053722143177, -10.567818339666974
1.7361849827631417, -19.55191959892236, 3.762770876827669, 4.237228720516985
10.228004416738795, 19.147887036878934, 3.0523380420267223, -3.5158580359369367
8.647504299880513, 12.350294821550946, 0.7750093157614675, -8.896514278202737
14.063466782448089, 19.968050503385037, 4.846874033375325, -1.9360143568999177
-8.45546004119158, -2.0246323072472627, 7.100201896570066, 3.298967700113308
1.7130435999542435, -13.901772227823589, 4.3673578877781285, 7.68985712452308
-0.760959976712634, -8.920764528287384, 5.439950594866079, 8.818834323723953
13.477294021428577, -6.117456091086595, -0.6580895853042836, 2.134442341319305
-16.732613515479056, -19.596583243173605, -3.84610724454698, -0.30377096145204163
14.421739501755361, 14.353828551978467, 3.2154853012255877, -5.603062034045042
17.36354822293145, -17.098178681071655, 5.76021800770199, 1.6515979600357902
-4.20965403116611, -2.8722422584421423, 7.98322400423168, 4.760499620584571
14.435351363006731, -9.543184299578567, 1.398258332733592, 3.465486272166615
-7.911824079878169, 9.309090767507094, 0.6564069395571703, -8.335622908191286
-12.797900374606584, 5.414993447086104, 3.1213961344098884, -3.1893369544742374
9.68836939984255, -12.781861371329658, 2.3180635866591803, 5.987112691721009
-11.12220929146552, 7.992369917919099, 1.7648735881589666, -5.623563611758996
11.78017270222902, 18.134193076899273, 3.452685203596957, -4.032511330930685
-7.654004105432488, 1.9453433645782638, 6.383824883811997, -2.4047005346615604
-14.12748977763866, -2.52419362696444, 3.3493293753146727, 2.4093893562634943
-9.5551726171322, -6.047992784574191, 5.250081573214601, 4.911396316047782
12.134623950262323, 12.1291889679256, 1.55414333056504, -7.655839298797286
8.180227170467944, -15.054427661117264, 3.2474044027661355, 6.438744577026943
-8.638996850048226, 17.57183290530518, -2.4207517877830185, -4.1915137376492915
-1.8989539588944808, 4.873790058316683, 2.3792019331904877, -10.770534264347061
-19.267637799179145, 0.7208019243039843, -0.4515130323375729, 0.9247603077396931
7.565714806887751, -17.64472868668157, 4.0821243957779565, 5.408938086779937
-15.388618678194433, -5.265228118001396, 1.6613485721493468, 2.6987462529311452
17.778350531137278, -10.048079850196032, 3.098431063094459, 1.9909679444726756
-19.135893094354284, 12.371138897291864, -3.987957895870334, -1.8380161836188122
13.969935087295518, 1.4678200379048825, -1.5414622596268508, -5.315762111418233
15.721888755780896, -12.83863701357662, 3.502990268655358, 3.3472915091962037
-9.013255071591129, -19.18201060381632, -0.01133647366352264, 2.065382826562317
3.337291270295676, 15.495549938284007, 0.7292401558651078, -7.5069054301579285
4.2560503567686325, -16.78856718583812, 4.055906924343287, 6.34358014357618
7.728941755528716, 7.037624513677091, -0.477690573224125, -10.274947299147815
-13.330231592807845, 13.159371635221703, -1.6143838222235356, -4.539967449469653
16.495614487246264, -4.332036569901456, 0.2727904786261952, -0.40419375350945064
-7.649435332121666, 2.986950073748986, 5.703427190409441, -4.265090999848884
18.900687676916505, 8.998524763182552, 3.7557556628453828, -6.236104792319523
11.602502097980064, 10.743338878508382, 0.8556754998810447, -8.428364141908542
18.279758290901007, 12.64768798586875, 4.622262912233028, -5.1945165393674735
-9.267430472132446, -10.747957919923813, 3.303399748255954, 4.949129215372357
-10.316374208618932, -11.482603700428914, 2.4718079771999495, 4.3313926991790925
-11.669463674168625, 17.380095107855873, -2.9921168762955475, -3.266180645010742
18.066497740635263, -16.405823824133083, 5.799081424556119, 1.6716278030493754
-17.4370260155057, 14.281212820199542, -3.7672610547067613, -2.26184908528856
2.549674513148048, -11.5373472550107, 4.3048700657386885, 8.465016772042786
-1.5273325653304823, -17.0501480395726, 3.623906220958512, 5.447004699359926
19.28866733861865, -14.401942720379743, 5.494646597835892, 1.783323614262077
12.262133401546244, 18.327192740194292, 3.6765429365521207, -3.775359714535938
8.44044450768942, -16.45796102688408, 3.6192434759837706, 5.751565978516052
3.5993992148452705, -14.831340003382781, 4.2075785356102795, 7.457414908832067
14.678001310998937, 6.9130542482354365, 0.5282765654909767, -7.866974435489235
17.682245961322465, -14.164565723262367, 4.745464267481687, 2.5488162780116106
-1.8526256820925155, 1.742524958998505, 4.153726069811844, -8.36630590108509
-15.666478796342433, 7.076227677484663, 0.7746183078181641, -2.7373102690003197
2.6574245968616594, -6.078317644499531, 3.2067560721149024, 7.808537612579418
-3.483304695861431, 11.849156704160176, 0.44796753737069306, -9.114954936478412
-5.7434710877212005, 18.90532580458717, -1.839827729068955, -3.7458214826154688
16.727385342097634, -16.876555328380345, 5.43937915150422, 1.9738562113877762
14.096673055861984, 6.951157379140721, 0.2581157792083939, -8.116255883984179
-17.787220120578525, 18.21464547271337, -5.664604991099456, -0.43176435599842833
13.339479216011469, 13.307358530258256, 2.4345276347344456, -6.587167601117692
16.62579968446031, 16.84337204088517, 5.130911163694307, -3.403286508228817
-11.236818741423358, 17.494504382055013, -2.9038966694731077, -3.3393414207584584
-18.082794824635165, 15.25729221749912, -4.588089362097, -1.6641926112121936
-1.7314991032945741, 13.2467099346566, 0.3881655490024376, -8.754017898964818
-9.078348058241431, 10.194522085696494, 0.23580183370962793, -7.782674874386359
12.187996234049564, -16.762505136650674, 4.241847758932489, 4.104577901863003
16.576578430105677, 12.690023898902226, 3.6928754858388633, -5.768012983827589
3.8184811927403857, 8.317175998020389, 0.2947770273887129, -10.877020314411546
-6.167188669932555, -1.177585493250568, 7.834280234935321, 2.5170896980604476
-14.10548664128235, -0.003708564435285666, 3.664853390543634, 1.2244968953828883
11.312853845745177, 2.335856738128385, -2.080941397373774, -6.31877372782005
-14.660624160401031, 13.182079676123927, -2.006357236516042, -3.8489524852298587
9.51947070113723, -18.505800985560654, 4.452913965936216, 4.124247115196756
12.19526724458482, 14.609779412387887, 2.525370731124074, -6.22231476299627
0.4951825377038688, -4.856247506941674, 4.831874380114924, 7.633786220560021
-16.66083632747155, 13.131039132309652, -2.771889689123487, -2.8892328314027935
-19.853645437420976, -6.260532162956526, -1.6451050296341947, 1.5456022300298322
-6.89059173621661, 16.480493137491884, -1.6846304821667522, -5.288069682752816
-2.0283572850192186, 15.54630153615826, -0.11491491625806094, -7.077624520307133
-16.4281906114422, 13.8431526991318, -3.0186905294093354, -2.864403331660057
4.495134183746693, 1.5167632791838273, -1.7513876173855323, -8.640711258804721
-7.7617668116693075, -0.38522891456425157, 7.3922227312980215, 1.5802587673310426
-9.06182074489372, -1.7672817267163552, 6.843476606778674, 2.991325368160658
10.75267767147642, 5.019619230192234, -1.307272657283379, -9.15664132802735
7.221377859625985, 15.688670418425247, 1.4301039372954891, -6.94697310884527
-17.882426091484604, -12.04227849555961, -1.9926948772697468, 1.3597963217933415
8.967757619292488, -3.6705715850865133, -2.4165622233713098, 1.2513175598566582
6.0085298493490455, 15.910604483085365, 1.218089264743452, -6.957455614131067
9.440137064657858, 17.32469095656652, 2.392192921677042, -5.179290043786576
-13.922335807547835, 10.265171880502887, -0.06286057647679577, -4.569342027148613
8.105080437546324, -19.69789047046646, 4.628190546835061, 3.601793836118926
-18.28098402142098, -18.649216556675732, -4.2987104965103295, -0.5134697635537719
1.1046959196495045, 11.060391964358068, 0.40335127114364955, -10.048702826679861
-3.7856960120651095, -19.870804460257737, 2.1839303290139407, 2.9425889894106554
-13.004212426115878, 17.940196347813526, -3.5737612562455645, -2.4178525183032846
-10.213502160256, 14.135424285512869, -1.5430720361481853, -5.625455744055316
-5.184495901261501, 0.8518731384740192, 7.501261318170894, -1.600132877439718
-0.41069922503213263, -14.620769841564222, 4.290089507588913, 7.079455794018003
-5.353478772749881, 19.98577003246104, -1.893942913115421, -2.916712625616384
2.5650603052690784, -1.3905893753917482, 0.43110561858849694, 0.44557059672992505
1.965739638654437, -9.479637058865652, 4.345030551677402, 9.002382513546955
2.654648594913425, 9.132794637642832, 0.481963705422622, -10.778469140499435
-15.772642620179106, -8.862013510043901, 0.2979674560114134, 2.670532107852507
-11.643108612291396, 9.795169266215407, 0.7941240077917353, -5.920352598040106
17.426663109107054, -3.01251212694752, 0.6207075907103707, -1.5764026274243637
5.3298373826047225, -18.751513588304523, 4.2060363085131645, 4.853227349736841
-14.740495598206756, -4.621977452393198, 2.347130847265955, 2.79920172538392
6.5756825814841875, 5.61314020923977, -0.6965840280495277, -10.483121973022147
-12.313740299994485, -14.684153143829066, 0.00952595519116528, 2.765663200874572
17.52286587260798, -5.785611202382931, 1.3490615718045262, 0.31442909322678503
-1.582719276632755, -16.185611244090055, 3.802204398186303, 5.956307514419027
16.409389053073163, 6.720738576769758, 1.4585038415269995, -7.185588815476413
0.39883845943677443, -2.749370427281388, 4.446739090627606, 4.467611447815647
-17.941379530886373, -11.428231676487592, -1.8523877649029146, 1.5307145136811968
14.243167896734178, 4.888176511445316, -0.5508974956490622, -7.559101102723023
-12.244995188868547, -12.4318712973079, 1.081448901172962, 3.239127444767897
-5.994979498337907, 4.611861533227504, 4.041013236271848, -7.765216420322503
1.6966103873852632, 1.0813950084547663, 0.19740225999137007, -8.829142116754985
14.757231992461463, 14.450058264966124, 3.3898713059834265, -5.441790831707266
13.807940112178272, 8.098067350378422, 0.6184192036971918, -8.217104697535117
-4.301991459366148, -9.226229195384859, 5.546593568101075, 7.572595991054717
18.22770558030595, -18.18860148584656, 6.550610958419879, 0.85080862752271
4.735322931771041, 13.84496489733408, 0.815548513781414, -8.686834705286653
-9.12348360149311, 19.149842869138773, -2.923393819887398, -2.7865117867173055
15.436958877682017, -12.026876460134597, 3.0291159819769007, 3.415352314833097
-9.187627322666438, 15.892116404351853, -1.9485938989270206, -4.832589915746187
-15.629928264486818, -12.460913135132138, -0.778505593096483, 1.9142742445636216
4.341976366064824, -14.11942619878885, 4.186259678889918, 7.849658528624042
2.9018068359346287, 3.021808528606247, -0.3659461889638549, -10.609928533138623
3.854176025873798, -9.971944352988565, 3.5081198550836996, 8.590688466749093
12.843234670388291, 18.817744887333333, 4.011231228776982, -3.2323400510479665
-8.884559101057224, 14.619732766770575, -1.5047873263058742, -5.795768173775333
-8.277918407909159, -6.042915442855449, 5.88134039688263, 5.446736291364541
11.417737850199021, -14.506796071442615, 2.952289397903437, 5.32143546784685
-17.52769708263614, -4.534695991272276, 0.2492773066422025, 1.9799942172068903
-14.81267117742187, -16.817889782769846, -2.708933578582567, 1.1663292863245154
3.549120808623144, -12.641010182791703, 4.283453755000346, 8.08391324220598
-7.9639484204935265, 9.16354266291535, 0.7255261525101346, -8.289103484652887
-16.280171122098324, 19.75872937922665, -5.433148377377519, -0.04121434455799289
-7.649733278220436, 1.8251700739772794, 6.457458304592025, -2.167926614544545
11.67397925615149, -10.51974010576689, 1.0872409723604033, 5.069980883827439
-6.353449730037175, -11.749249314632051, 3.8056576527615213, 6.178346744716391
-4.856867529713629, 9.39746689994228, 1.0084751102413287, -9.627292704886376
8.577075752379898, -12.719232852074267, 2.3226649654122236, 6.613316444346054
-0.92304151719717, 7.528270666479898, 1.3139785252637703, -11.170052763661378
9.5259957808817, 5.441478873354523, -1.0158731489185708, -9.81170747929468
-12.207091512123123, 14.723162216381056, -2.200036479541321, -4.504592781295024
-8.462089034490123, -5.203127879932108, 6.140881118056718, 5.1232663584335505
2.339912077195912, 14.375140196555606, 0.5838135180937827, -8.404518343421806
5.986012482646117, 8.067508179156523, -0.03372854667562297, -10.465482702876173
-11.345268812524335, -5.897527034133825, 4.275612554133408, 4.173210787246729
-14.52426327833765, 9.476136652299498, 0.23540908925635762, -4.077070943268037
17.950312262435347, 9.394730459474985, 3.3078191570217186, -6.461621457230548
-15.012851358538875, 7.734614094448862, 0.8766502846143851, -3.2949998680433072
-2.670992354982875, -16.315432720058546, 3.4758595835532553, 5.615407685163309
19.978966931873913, 8.965011629496043, 4.415782530790127, -5.9051956971134345
4.8975187702688885, 14.923914934753, 0.9244823470835031, -7.870460024698019
-6.986356220770382, 6.673803612688644, 2.471008221847253, -8.147584859144706
-1.2687827013519808, -15.042009290791277, 4.115821197096368, 6.676167998093561
1.6427885488465463, 5.27637950883868, 0.5135671613583033, -11.431377647546906
-1.0700038451870313, -14.989137718254263, 4.1563423091012615, 6.748180362760785
-16.988673008795445, 6.593538590330304, 0.06465706953782657, -1.9890262280820323
13.516326559581579, 16.96376181679902, 3.6528675061236093, -4.41938023253552
-4.472565856254111, 17.5326333885237, -1.1484184366546053, -5.082848268894743
12.792138883907413, -3.0383332654673048, -2.052360996499017, -0.7622157809973702
-3.747198685165113, -6.660847893364421, 6.734668195617694, 7.679829102361307
-17.235335758473344, -19.61095456405878, -4.111332998702222, -0.5214576017071941
-10.180053460472536, -9.815306038159232, 3.2835979685454593, 4.696033620933006
9.186441836508486, -13.705172906880257, 2.867665187074685, 6.3301333001197015
7.696865358797595, 9.213411998202975, -0.056646285154704934, -9.817770349972815
-1.6113135635618683, -15.293859824501546, 3.9978451650613573, 6.4591140460024015
8.780384478465088, 16.545890051473776, 2.0065231541658637, -5.943514553100158
-5.352821832913959, 10.349591092081056, 0.6119199237972532, -9.192118896961539
9.676748718682425, -17.838313299215542, 4.232269504353609, 4.5318593507152976
-17.771693376268566, 7.064709635469576, -0.7026712567285607, -1.8396152945738482
13.236306656627235, 16.822476132700743, 3.5462328545874815, -4.578771068421332
-14.333475069703567, 3.335608327743987, 3.0504376975730203, -1.0808538556615668
-8.717876507110574, -11.09196531667941, 3.3890056890412747, 5.12927588823996
9.535542101147186, -3.472324867115695, -2.629117056786969, 0.6868984380465362
-2.4923156532520636, 13.776050440264612, 0.148486928448341, -8.248018487019039
-10.452610207581824, 1.1336951095894392, 6.219236991248593, 0.06229832668149626
13.108415225527551, -14.72444786945025, 3.439875073180774, 4.4456146367571545
3.8473188588062825, 13.487603498624836, 0.7075748164802613, -8.983230708764996
10.578621700404778, 15.379284414825058, 2.2562870027734157, -6.309207571120968
-18.69743203993727, 7.658245812433879, -1.6478102320490997, -1.6341964222632246
-11.842539691737874, 2.2807491231868546, 5.060495619356653, -0.901978127353896
10.991155950456886, -3.1923413965010496, -2.6264045698366782, -0.1502151701218679
8.168148428099538, 13.616427921047489, 1.1231977122988788, -8.263301651359683
17.82874759457379, 1.8037242073721131, 1.0404941624341504, -4.966256833605045
-7.356002779994132, -4.39895386613494, 6.919430655489304, 5.191094213524876
14.623877364936334, -10.38733477296808, 1.8935521262268225, 3.575206004768088
15.330576021343617, -17.68655025911466, 5.423179298683317, 2.0567500199407434
18.853019933686397, -15.235711073625406, 5.666896713089898, 1.7569532518214217
15.335562259965883, 1.630867122611754, -0.6960074233120785, -5.326608947995037
2.4531099073531237, 19.226238161883664, 0.6023256938488573, -4.226953358505536
18.054484400623835, 11.944325860662197, 4.248120772048111, -5.584361908037547
6.0633379084001575, 7.108055468546194, -0.26756066254348276, -10.629468347149789
-14.661258878125976, -1.303786901841164, 3.1367175763924937, 1.844925588174069
-2.833367977933605, -15.92363500121051, 3.531314930318029, 5.797503085176388
-19.546862499054182, -19.349267694365434, -5.4736225141344015, -1.3571790526875809
9.498663072176399, -2.1017595113313448, -3.053512987440657, -1.4278341548345823
-0.3770152964724751, -9.857735613739731, 5.158772251033051, 8.72317185944707
1.6335333168209054, -14.911717651868187, 4.267545472396428, 7.170871938956491
-13.458010979877827, 12.705761325405376, -1.390430078121982, -4.600564963160778
-18.902825876746515, 16.640540493202145, -5.67225736195744, -0.7654200706908014
-6.47248303429469, 17.28633558625183, -1.7506288962507561, -4.839682133355545
-17.452048094018675, -7.4919964843228435, -0.5055628769053584, 2.2682218118429702
3.7267577393660787, 17.51219366274784, 0.8695545943715537, -5.765181200446815
-16.399858653432947, 12.367721808427014, -2.255341088454351, -3.0683481575131566
4.520956852125995, 5.600322178008945, -0.3680801490782146, -11.033548981379397
19.69236405217371, -7.15668743763819, 3.2149879400304293, 0.38981956843077725
-5.592481151202842, 1.4341550096740718, 7.075613827429692, -2.8322706118177603
5.003353926715192, -7.530155209517627, 1.459721823039208, 8.162142014959208
8.252941433617437, -16.715016035077383, 3.682517601418575, 5.696422275438611
-12.207808598062169, -19.469925560677442, -1.7700284211008306, 1.0440199524598555
9.984804488154278, 17.915924187536596, 2.7139688309198595, -4.588256840254427
10.748440074517674, -13.08515542986591, 2.20488444711021, 5.557492141487945
-8.645685480424348, 6.847131128860958, 2.778853884772051, -6.808944012190686
-7.622135029191437, -3.727261740117555, 7.03227507954924, 4.732573585437004
-9.767841393152906, 1.3690700817880987, 6.562825915560673, -0.3681516961579492
14.779051642467806, -10.412286784782454, 1.9692841185948637, 3.503410562783074
1.1814893263777293, 6.600145964270855, 0.6685475709558754, -11.419208226403057
-19.736966987274297, -9.88108952754299, -2.6526408946119098, 1.4453339691943015
2.69069689889211, 13.007980189307013, 0.5791227738859264, -9.332904533976329
-10.881540917229868, 15.953909452852038, -2.292788777295991, -4.374753801127319
12.982618200866362, -4.23700815341871, -1.6392961776214996, 0.5463045794137651
12.538997463070977, 13.9699429714669, 2.395269289779238, -6.49293781464921
-8.733591112103763, -15.393946775982323, 1.3346513356631284, 4.188841093310325
-15.96324590501732, 15.230005325644434, -3.4523164341514576, -2.642388341865235
-0.2239113904377419, 6.85810541467513, 1.0991118162413511, -11.38450069932988
-4.397683018985825, 11.21008663485982, 0.4819972817104121, -9.16247014619001
12.96852750286832, 15.701428394931014, 3.1895291839676183, -5.212616624610302
5.670792512363789, 15.684816140932412, 1.12674011437218, -7.183620762791325
14.674124114014404, -9.13425086071745, 1.2907512164555346, 3.219392648287032
3.541915379245605, -9.513650975691665, 3.5564666419046973, 8.764877578331117
5.51276629319932, 15.88590072773544, 1.1204321444617849, -7.036816366268589
-0.6744159163154073, 12.982406798536694, 0.5599308882240217, -9.14110635453682
-19.315818868457697, 14.685737086077864, -5.100104213058023, -1.306203348713277
17.768126553342128, -7.463743300926682, 2.082290508979588, 1.1595003976786682
8.385820505204467, 12.76923753578017, 0.8959508003093513, -8.742380545505434
-15.029281250005626, -3.4221627243773334, 2.4554458099700707, 2.470327687283242
-11.736663733037194, 9.86235590707905, 0.7409144129905592, -5.874381285579313
-3.7634069039864855, -19.994562314111693, 2.163549417273334, 2.8540250593125442
-9.49465347151406, -11.867902007355063, 2.6892114765893727, 4.629202487402111
-17.009270084025978, 1.232687478062573, 1.3024015552444723, 0.7274307672917092
-6.522206013025556, -11.242744037094514, 3.9916170760442355, 6.187269929408924
17.466659959454994, -7.048874917839463, 1.7507046720855417, 1.064886729717065
-14.891896784036046, 0.9271328411052195, 3.0145475660561623, 0.6841973069243533
15.693446463516658, 11.1183130331057, 2.6760316547508225, -6.753058272598484
-14.072431352297524, -8.040778593435224, 1.6876668370249437, 3.2632976082424836
-10.513254547150833, 17.10543982128624, -2.5528174887554904, -3.840731260045594
-8.828530217698471, -13.224728282312492, 2.328686774408661, 4.667993260073638
-1.7953136234915519, 4.47124312307561, 2.4810597980625584, -10.711512361572336
-13.659510756117218, -19.019575789735338, -2.4101912541632764, 0.9792516499343229
-16.209399352517437, 6.037909328630782, 0.839777319175635, -2.063043623259288
-13.462065690870212, -9.646263190999784, 1.485032093775109, 3.374556099537962
7.0287499350585065, 14.854484117481775, 1.2369979092313867, -7.633619168850942
18.10686883127014, -4.656688219809357, 1.4193381828086657, -0.5795895735471452
-10.945141114381371, 9.565290966575091, 1.018116813958354, -6.276871879655689
8.496956347388092, 18.97690346994286, 2.376128195237669, -3.971661412013944
-16.0844785874974, 15.125773947834979, -3.461511616657436, -2.625154133501564
-12.973590383394612, 9.893415799614644, 0.46772247845470893, -5.113995297609074
19.8170118900654, -10.728862287650177, 4.332717941917929, 1.432550406174503
9.687191826020452, 10.966300944485763, 0.3920970384905278, -9.02805578438517
-8.761625309949078, 16.849218854882587, -2.3484847518977725, -4.6278500165072884
-17.213439743058498, -10.844801625170026, -1.2042426694804398, 1.9102303953940254
-8.216823848948032, -16.39786245626648, 1.2272207419331291, 3.904369800825439
-10.189912625509677, 11.48653559143078, -0.33944361089931974, -6.885007449548983
-9.310658257753147, 0.2646281881311161, 6.802130105105768, 1.0364284755730502
-14.585843630870418, 3.667484147016804, 2.776247797522231, -1.2469164130071961
4.434813952359356, -11.26956517536045, 3.6442945539708185, 8.098290001502251
-17.013949107009356, 8.071388639580586, -0.5850417144610311, -2.4653321497334417
5.337451397830847, -0.7099942810270399, -2.7278812477173133, -3.697016646418323
15.816903237230676, 19.090775015183603, 5.452673205735632, -2.106251852146496
9.29576528572845, 18.490934332962695, 2.57668016688437, -4.249993792506647
-14.11421562467616, -13.618171660988153, -0.4286601120227367, 2.1100966599565343
19.962677519309125, -4.93846659386211, 2.829687825003411, -0.8501252820537095
2.3784039186694805, 17.78928854224607, 0.5755157058881573, -5.538098297649977
4.158989315128739, 14.801665547434467, 0.814070972056633, -8.019826708102471
8.291856674380696, 14.235075919710177, 1.3124461381924837, -7.801493311066544
-1.1881165004033392, 17.975209077453414, -0.2270094350425821, -5.203208648744862
-14.989553264065405, 12.306845611695152, -1.6813411900415396, -3.8113729994167116
-10.588310978354937, 4.752563727328386, 4.359363146932649, -4.070375734980702
11.050488868054025, 8.040037245858986, -0.2051219626472669, -9.306130819296097
-2.4157764823526726, 17.213928094827033, -0.4756162080989661, -5.692847023555952
-13.526827603506465, 8.800329858396804, 1.014232498786349, -4.512691687464962
-9.872782189678023, 7.518570655884428, 2.3569643591700444, -6.221533871842386
-12.375144482241346, -18.088759813073562, -1.5167558626040574, 1.705853543829452
11.391694935614897, 12.697850204378298, 1.526947179791609, -7.658069645930933
-13.502806431328288, 12.283981563557994, -1.156082622754024, -4.669841369645329
-6.878318349520281, 2.845896340503952, 5.823343011215583, -4.657971184404569
4.075280585594111, 16.545296437740475, 0.8996815672525131, -6.5965073931282205
2.8092208268421075, 14.758260294530054, 0.6399359563653304, -8.106222150186117
-3.1391886926609374, 6.126892407848988, 2.299875413747894, -10.467930191877599
-12.341356647449441, 8.488572183601903, 1.540355662092967, -5.3283279887692885
17.110183037497166, -2.912945220470352, 0.393225342687348, -1.6033608335865226
5.891581876076721, 1.7719189402222426, -2.163074227616864, -8.341013281874584
-19.419963971467894, 16.311318326015993, -5.853022485233081, -0.6898427591246197
12.371613623067638, -3.380609475648715, -2.1461715561827095, -0.2577744063239167
-16.36126814167926, -5.936186369013923, 0.7071390961631465, 2.467824855674994
1.0256727019081993, -10.233065466972718, 4.70151501887966, 8.830382608953542
13.300203675590964, -8.180918738363467, 0.2993970273170401, 3.52650891604549
-11.802672385119717, -13.085439817239273, 1.019871248510686, 3.245672478908755
9.050783656401077, 1.8649074584647707, -2.3521190697654237, -6.852783054581819
7.838975958131613, -8.386195814162193, 0.3353581395113405, 6.505121188155568
-3.999876573593678, 15.824290914540647, -0.651823434898966, -6.478266432978376
-6.783901607628092, 16.117965463924357, -1.547055386775809, -5.557165612761999
18.65141761744487, -19.218637032984432, 7.148561487603944, 0.164338311866441
-0.23078299634878618, 4.882240140135671, 1.4610061096491784, -11.222111333118054
-19.49994402373516, -5.993430095209504, -1.3313554035929478, 1.560542650584142
-18.87825565977935, 4.659659040002531, -0.73400361835143, -0.5979839924068733
-1.473667901585113, -9.483400417590406, 5.454888024782485, 8.558940262822532
11.103611060362816, 1.716576355381065, -2.3217667487785683, -5.8821822135299255
-6.702910654755252, 17.41211627697904, -1.8555087953811036, -4.6969141067393565
19.033374603147344, -12.703957641610767, 4.540512265808456, 2.0317200494821837
19.135671798739622, 3.5041607473374157, 2.5039950819088155, -5.430466990268492
15.014337297641568, -8.340098950547059, 1.0452299299920504, 2.748101095076901
-18.135690414149245, -19.49659674972633, -4.582806738069266, -0.8431380689972308
-2.7627565903313176, -19.818046029943943, 2.5813911172646815, 3.2198032577899873
-2.180742924046065, 9.758809892553536, 1.0556860983120795, -10.287066349445386
6.733370085969931, 9.278219917308217, 0.07525956119766519, -9.963790296413134
3.7832351272376776, 18.15959256221815, 0.9058724787677077, -5.180457719235253
-10.395893219832914, 16.153060335688174, -2.2149358796792935, -4.407380375088838
19.26914879777199, -19.858077185475047, 7.687130118281576, -0.4406951443641418
-2.7544885613922467, 7.042888441902736, 1.843030208054981, -10.686504049992376
4.581422027187443, 19.56974753979962, 1.1764767014114015, -3.850236469298192
6.4147232879120395, 4.6978474012628055, -0.9566379739608761, -10.274973044191114
17.053172788586217, 16.08457730624363, 5.109353594247192, -3.7345121477336534
13.367437207061016, -3.705012796941844, -1.6315014245549726, -0.15075478143926757
7.899928065773899, 18.239995723633562, 2.0557314208734354, -4.707865415025129
-10.40455792802733, -0.48075064128111933, 6.267344431305556, 1.7625580992564536
10.302847464250434, 3.9106162337106873, -1.8166374466518747, -8.32337218826221
11.349923354689405, -9.43958204551491, 0.4638254786656901, 4.994941777682083
-14.766982349989508, -1.1514952630530146, 3.070814263377887, 1.7678741171195917
6.592584151994071, 3.9018563837543176, -1.2690791141295845, -9.819768242091726
4.42701914187024, -16.29352534746756, 4.056686860819821, 6.665370436979956
-0.34724834535431626, -11.901398595375262, 4.77859614647861, 8.041847981465754
8.427121856171812, 2.3367667067922255, -2.1005835573370284, -7.619862191138402
4.031102086300162, 3.822675796839242, -0.7005314038799266, -10.725801728827687
-7.7514608452360925, -16.665231202286886, 1.3553872987079831, 3.9166775176587585
-3.476437432996203, -8.090343444222746, 6.106717138292851, 7.9918032707923885
2.7882995637709875, -11.074490064930602, 4.192837738512284, 8.560218500668869
-11.05192810734803, -6.993760372928559, 4.019585356438059, 4.425143465927658
-13.06702028227356, -3.919569554700292, 3.7864005002769723, 3.1281968829303537
12.960688034517624, 14.080175367466133, 2.5806853520146564, -6.267030718301012
-15.670117616897397, -6.7707943566696205, 0.9773844900538435, 2.742633907461851
4.528483404502303, -10.922059771996032, 3.473457727726141, 8.146885969340655
16.77907637804936, 8.26533480179031, 2.225202496699694, -7.0490713207733595
-11.18840243970238, -15.732687278110312, 0.06471118978379486, 3.026676336567025
-17.048965705095675, -12.481036875188106, -1.6005625599009186, 1.4595798134517288
-4.1780847233054565, 10.031545849089344, 0.8638860227789023, -9.679953184717313
-14.360042073705909, -18.541511637908023, -2.6197723920501836, 1.1030808133003127
15.66802299492408, -6.584978987541689, 0.5614938028450034, 1.5046820860760324
-6.785535914234808, 1.0042964815434914, 7.234597871175948, -1.0405564192857781
-3.206810821863506, -8.190794996295168, 6.060904941111259, 8.106092408654082
8.623172828741225, 11.686744032587136, 0.5160875092902231, -9.2391899552896
13.051186895422248, 10.801211062379522, 1.383363023559692, -7.865623053055973
7.617112532231772, -12.27950574315277, 2.1400370938276296, 7.067665172034941
9.266015623684815, -9.011544728115233, 0.475996731469877, 5.925087072034069
8.872700925319641, -16.08548387717546, 3.5343695429103237, 5.802659688554421
